Requirement,Status
ISMS Scope Defined,Ready
Information Security Policy Approved,Ready
Access Control Policy Implemented,Ready
Risk Assessment Completed,Ready
Asset Inventory Maintained,Ready
Security Awareness Records Available,Ready
Incident Reporting Process Documented,Ready
Evidence Register Available,Ready
Cloud Governance Documentation,Improvement Required
Privileged Access Reviews,Improvement Required
Multi-Factor Authentication for All Users,Improvement Required
Continuous Cloud Monitoring,ImprovementRequired
